,Unnamed: 0,Player,All_NBA,All.Star,Draft_Yr,Pk,Team,College,Yrs,Games,Minutes.Played,PTS,TRB,AST,FG_Percentage,TP_Percentage,FT_Percentage,Minutes.per.Game,Points.per.Game,TRB.per.game,Assits.per.Game,Win.Share,WS_per_game,BPM,VORP,Executive,Tenure,Exec_ID,Exec_draft_exp,attend_college,first_year,second_year,third_year,fourth_year,fifth_year
0,1,Robert Parish,2,9,1976,8,GSW,Centenary College of Louisiana,21,1611,45704,23334,14715,2180,0.537,0.0,0.721,28.4,14.5,9.1,1.4,147.0,0.154,1.6,41.5,Al Attles,3641 days 00:00:00.000000000,1,1,1,0,0,0,0,0
96,97,Chris Mullin,4,5,1985,7,GSW,St. John's University,16,986,32163,17911,4034,3450,0.509,0.384,0.865,32.6,18.2,4.1,3.5,93.1,0.139,2.8,38.7,Al Attles,3641 days 00:00:00.000000000,1,10,1,0,0,0,0,0
118,119,Larry Johnson,1,2,1991,1,NOH,"University of Nevada, Las Vegas",10,707,25685,11450,5300,2298,0.484,0.332,0.7659999999999999,36.3,16.2,7.5,3.3,69.7,0.13,2.4,28.3,Allan Bristow,456 days 00:00:00.000000000,3,2,1,0,0,0,0,0
125,126,Chris Paul,8,9,2005,4,NOH,Wake Forest University,11,773,27725,14506,3380,7688,0.473,0.365,0.8640000000000001,35.9,18.8,4.4,9.9,144.1,0.249,7.5,66.4,Allan Bristow,471 days 00:00:00.000000000,3,5,1,0,0,0,0,0
127,128,Dikembe Mutombo,3,8,1991,4,DEN,Georgetown University,18,1196,36791,11729,12359,1240,0.518,0.0,0.684,30.8,9.8,10.3,1.0,117.0,0.153,2.1,38.2,Bernie Bickerstaff,2406 days 00:00:00.000000000,4,1,1,0,0,0,0,0
199,200,Dennis Johnson,2,5,1976,29,OKC,Pepperdine University,14,1100,35954,15535,4249,5499,0.445,0.172,0.797,32.7,14.1,3.9,5.0,82.6,0.11,0.6,23.6,Bill Russell,1454 days 00:00:00.000000000,8,1,1,0,0,0,0,0
227,228,Magic Johnson,10,12,1979,1,LAL,Michigan State University,13,906,33245,17707,6559,10141,0.52,0.303,0.848,36.7,19.5,7.2,11.2,155.8,0.225,7.2,77.4,Bill Sharman,2106 days 00:00:00.000000000,9,3,1,0,0,0,0,0
292,293,Al Horford,1,4,2007,3,ATL,University of Florida,9,578,19342,8288,5144,1589,0.535,0.34,0.743,33.5,14.3,8.9,2.7,64.2,0.159,3.0,24.4,Billy Knight,1883 days 00:00:00.000000000,11,7,1,0,0,0,0,0
302,303,Grant Hill,5,7,1994,3,DET,Duke University,18,1026,34776,17137,6169,4252,0.483,0.314,0.769,33.9,16.7,6.0,4.1,99.9,0.138,2.8,42.5,Billy McKinney,1037 days 00:00:00.000000000,12,5,1,0,0,0,0,0
343,344,Alvin Robertson,1,4,1984,7,SAS,University of Arkansas,10,779,24669,10882,4066,3929,0.47700000000000004,0.295,0.743,31.7,14.0,5.2,5.0,52.1,0.10099999999999999,4.0,37.3,Bob Bass,5425 days 00:00:00.000000000,13,5,1,0,0,0,0,0
367,368,David Robinson,10,10,1987,1,SAS,United States Naval Academy,14,987,34271,20790,10497,2441,0.518,0.25,0.736,34.7,21.1,10.6,2.5,178.7,0.25,7.4,80.9,Bob Bass,5425 days 00:00:00.000000000,13,8,1,0,0,0,0,0
388,389,Kobe Bryant,15,18,1996,13,NOH,0,20,1346,48637,33643,7047,6306,0.447,0.32899999999999996,0.8370000000000001,36.1,25.0,5.2,4.7,172.7,0.17,3.9,72.1,Bob Bass,3292 days 00:00:00.000000000,13,16,0,0,0,0,0,0
393,394,Baron Davis,1,2,1999,3,NOH,"University of California, Los Angeles",13,835,28592,13447,3183,6025,0.409,0.32,0.711,34.2,16.1,3.8,7.2,63.1,0.106,2.7,34.1,Bob Bass,3292 days 00:00:00.000000000,13,18,1,0,0,0,0,0
539,540,Adrian Dantley,2,6,1976,6,LAC,University of Notre Dame,15,955,34151,23177,5455,2830,0.54,0.171,0.818,35.8,24.3,5.7,3.0,134.2,0.18899999999999997,3.1,44.0,Bob MacKinnon,674 days 00:00:00.000000000,16,1,1,0,0,0,0,0
546,547,Buck Williams,1,3,1981,3,NJN,University of Maryland,17,1307,42464,16784,13017,1646,0.5489999999999999,0.16699999999999998,0.664,32.5,12.8,10.0,1.3,120.1,0.136,1.2,34.8,Bob MacKinnon,777 days 00:00:00.000000000,16,2,1,0,0,0,0,0
568,569,Draymond Green,1,1,2012,35,GSW,Michigan State University,4,321,8156,2790,2085,1094,0.44,0.342,0.69,25.4,8.7,6.5,3.4,24.7,0.145,3.7,11.8,Bob Myers,1620 days 00:00:00.000000000,17,1,1,0,0,0,1,0
580,581,Dirk Nowitzki,12,13,1998,9,MIL,0,18,1340,47249,29491,10540,3414,0.474,0.381,0.879,35.3,22.0,7.9,2.5,198.8,0.20199999999999999,3.5,65.7,Bob Weinhauer,836 days 00:00:00.000000000,18,5,0,0,0,0,0,0
591,592,Scottie Pippen,7,7,1987,5,OKC,University of Central Arkansas,17,1178,41069,18940,7494,6135,0.473,0.326,0.7040000000000001,34.9,16.1,6.4,5.2,125.1,0.146,4.7,69.6,Bob Whitsitt,2947 days 00:00:00.000000000,19,2,1,0,0,0,0,0
600,601,Shawn Kemp,3,6,1989,17,OKC,Trinity Valley Community College,14,1051,29293,15347,8834,1704,0.488,0.27699999999999997,0.741,27.9,14.6,8.4,1.6,89.5,0.147,1.7,27.3,Bob Whitsitt,2947 days 00:00:00.000000000,19,4,1,0,0,0,0,0
602,603,Gary Payton,9,9,1990,2,OKC,Oregon State University,17,1335,47117,21813,5269,8966,0.466,0.317,0.7290000000000001,35.3,16.3,3.9,6.7,145.5,0.14800000000000002,3.3,63.0,Bob Whitsitt,2947 days 00:00:00.000000000,19,5,1,0,0,0,0,0
614,615,Jermaine O'Neal,3,6,1996,17,POR,0,18,1011,27364,13309,7261,1369,0.467,0.147,0.715,27.1,13.2,7.2,1.4,66.0,0.11599999999999999,0.0,13.9,Bob Whitsitt,3275 days 00:00:00.000000000,19,11,0,0,0,0,0,0
620,621,Zach Randolph,1,2,2001,19,POR,Michigan State University,15,984,31322,16693,9213,1800,0.473,0.26,0.765,31.8,17.0,9.4,1.8,76.4,0.11699999999999999,-0.3,13.5,Bob Whitsitt,3275 days 00:00:00.000000000,19,15,1,0,0,0,0,0
627,628,Allen Iverson,7,11,1996,1,PHI,Georgetown University,14,914,37584,24368,3394,5624,0.425,0.313,0.78,41.1,26.7,3.7,6.2,99.0,0.126,2.7,44.1,Brad Greenberg,347 days 00:00:00.000000000,20,1,1,0,0,0,0,0
638,639,Steve Nash,7,8,1996,15,PHO,Santa Clara University,18,1217,38069,17387,3642,10335,0.49,0.428,0.904,31.3,14.3,3.0,8.5,129.7,0.16399999999999998,1.3,31.2,Bryan Colangelo,4387 days 00:00:00.000000000,21,3,1,0,0,0,0,0
642,643,Shawn Marion,2,4,1999,9,PHO,"University of Nevada, Las Vegas",16,1163,40097,17700,10101,2198,0.484,0.331,0.81,34.5,15.2,8.7,1.9,124.9,0.15,3.2,52.1,Bryan Colangelo,4387 days 00:00:00.000000000,21,5,1,0,0,0,0,0
645,646,Amar'e Stoudemire,5,6,2002,9,PHO,0,14,846,26254,15994,6632,1050,0.537,0.23600000000000002,0.7609999999999999,31.0,18.9,7.8,1.2,92.5,0.16899999999999998,0.5,16.8,Bryan Colangelo,4387 days 00:00:00.000000000,21,8,0,0,0,0,0,0
677,678,Anthony Mason,1,1,1988,53,POR,Tennessee State University,13,882,30605,9656,7279,2963,0.509,0.16699999999999998,0.7090000000000001,34.7,10.9,8.3,3.4,88.3,0.138,2.1,31.7,Bucky Buckwalter,2388 days 00:00:00.000000000,22,3,1,0,0,0,0,0
783,784,Yao Ming,5,8,2002,1,HOU,0,8,486,15818,9247,4494,769,0.524,0.2,0.833,32.5,19.0,9.2,1.6,65.9,0.2,2.3,17.0,Carroll Dawson,3901 days 00:00:00.000000000,25,6,0,0,0,0,0,0
819,820,Kyrie Irving,1,3,2011,1,CLE,Duke University,5,309,10499,6416,1060,1696,0.452,0.37799999999999995,0.865,34.0,20.8,3.4,5.5,31.4,0.14400000000000002,3.0,13.3,Chris Grant,1343 days 00:00:00.000000000,28,1,1,0,0,0,0,1
842,843,Joe Johnson,1,7,2001,10,BOS,University of Arkansas,15,1143,41186,19318,4644,4774,0.442,0.37200000000000005,0.8009999999999999,36.0,16.9,4.1,4.2,78.1,0.091,0.5,26.2,Chris Wallace,851 days 00:00:00.000000000,30,1,1,0,0,0,0,0
847,848,Kevin Love,2,3,2008,5,MEM,"University of California, Los Angeles",8,516,16889,9451,5946,1252,0.444,0.363,0.815,32.7,18.3,11.5,2.4,64.2,0.182,3.2,22.1,Chris Wallace,1964 days 00:00:00.000000000,30,4,1,0,0,0,0,0
968,969,Patrick Ewing,7,11,1985,1,NYK,Georgetown University,17,1183,40594,24815,11607,2215,0.504,0.152,0.74,34.3,21.0,9.8,1.9,126.4,0.15,2.0,40.9,Dave DeBusschere,1324 days 00:00:00.000000000,36,4,1,0,0,0,0,0
979,980,Alonzo Mourning,2,7,1992,2,NOH,Georgetown University,15,838,25975,14311,7137,946,0.527,0.247,0.6920000000000001,31.0,17.1,8.5,1.1,89.7,0.166,1.7,24.0,Dave Twardzik,1387 days 00:00:00.000000000,38,1,1,0,0,0,0,0
1029,1030,Anthony Davis,1,3,2012,1,NOH,University of Kentucky,4,260,8823,5398,2518,433,0.516,0.281,0.78,33.9,20.8,9.7,1.7,37.7,0.205,4.2,13.8,Dell Demps,2263 days 00:00:00.000000000,44,2,1,0,0,0,1,0
1077,1078,Marques Johnson,3,5,1977,3,MIL,"University of California, Los Angeles",11,691,23694,13892,4817,2502,0.518,0.152,0.7390000000000001,34.3,20.1,7.0,3.6,79.8,0.162,3.6,33.6,Don Nelson,3694 days 00:00:00.000000000,49,1,1,0,0,0,0,0
1093,1094,Sidney Moncrief,5,5,1979,5,MIL,University of Arkansas,11,767,23150,11931,3575,2793,0.502,0.284,0.831,30.2,15.6,4.7,3.6,90.3,0.187,3.8,33.9,Don Nelson,3694 days 00:00:00.000000000,49,3,1,0,0,0,0,0
1160,1161,Mitch Richmond,5,6,1988,5,GSW,Kansas State University,14,976,34309,20497,3801,3398,0.455,0.38799999999999996,0.85,35.2,21.0,3.9,3.5,79.3,0.111,0.9,25.0,Don Nelson,2601 days 00:00:00.000000000,49,11,1,0,0,0,0,0
1162,1163,Tim Hardaway,5,5,1989,14,GSW,University of Texas at El Paso,13,867,30626,15373,2855,7095,0.431,0.355,0.782,35.3,17.7,3.3,8.2,85.0,0.133,2.5,34.6,Don Nelson,2601 days 00:00:00.000000000,49,12,1,0,0,0,0,0
1170,1171,Latrell Sprewell,1,4,1992,24,GSW,University of Alabama,13,913,35270,16712,3724,3664,0.425,0.337,0.804,38.6,18.3,4.1,4.0,56.3,0.077,0.4,21.7,Don Nelson,2601 days 00:00:00.000000000,49,15,1,0,0,0,0,0
1173,1174,Anfernee Hardaway,3,4,1993,3,GSW,University of Memphis,14,704,23711,10684,3146,3525,0.45799999999999996,0.316,0.774,33.7,15.2,4.5,5.0,61.9,0.125,2.6,27.2,Don Nelson,2601 days 00:00:00.000000000,49,16,1,0,0,0,0,0
1218,1219,Reggie Miller,3,5,1987,11,IND,"University of California, Los Angeles",18,1389,47619,25279,4182,4141,0.47100000000000003,0.395,0.888,34.3,18.2,3.0,3.0,174.4,0.17600000000000002,3.3,63.2,Donnie Walsh,6291 days 00:00:00.000000000,51,2,1,0,0,0,0,0
1368,1369,Antonio McDyess,1,1,1995,2,LAC,University of Alabama,15,1015,28053,12227,7638,1300,0.49700000000000005,0.11699999999999999,0.67,27.6,12.0,7.5,1.3,69.8,0.11900000000000001,0.3,16.4,Elgin Baylor,8211 days 00:00:00.000000000,55,10,1,0,0,0,0,0
1380,1381,Tyson Chandler,1,1,2001,2,LAC,0,15,986,28074,8605,9137,841,0.591,0.0,0.644,28.5,8.7,9.3,0.9,92.7,0.158,1.7,26.2,Elgin Baylor,8211 days 00:00:00.000000000,55,16,0,0,0,0,0,0
1406,1407,Michael Redd,1,1,2000,43,MIL,Ohio State University,12,629,20104,11972,2411,1338,0.447,0.38,0.838,32.0,19.0,3.8,2.1,55.9,0.134,0.9,14.9,Ernie Grunfeld,1416 days 00:00:00.000000000,56,7,1,0,0,0,0,0
1480,1481,Dominique Wilkins,7,9,1982,3,UTA,University of Georgia,15,1074,38113,26668,7169,2677,0.461,0.319,0.8109999999999999,35.5,24.8,6.7,2.5,117.5,0.14800000000000002,2.3,41.8,Frank Layden,2959 days 00:00:00.000000000,58,4,1,0,0,0,0,0
1498,1499,John Stockton,11,10,1984,16,UTA,Gonzaga University,19,1504,47764,19711,4051,15806,0.515,0.384,0.826,31.8,13.1,2.7,10.5,207.7,0.209,3.5,65.9,Frank Layden,2959 days 00:00:00.000000000,58,6,1,0,0,0,0,0
1507,1508,Karl Malone,14,14,1985,13,UTA,Louisiana Tech University,19,1476,54852,36928,14968,5248,0.516,0.27399999999999997,0.742,37.2,25.0,10.1,3.6,234.6,0.205,5.4,102.5,Frank Layden,2959 days 00:00:00.000000000,58,7,1,0,0,0,0,0
1533,1534,Vince Carter,2,8,1998,5,GSW,University of North Carolina,18,1274,41336,23969,5913,4377,0.439,0.373,0.8,32.4,18.8,4.6,3.4,118.4,0.13699999999999998,3.1,53.2,Garry St. Jean,2476 days 00:00:00.000000000,60,1,1,0,0,0,0,0
1537,1538,Gilbert Arenas,3,3,2001,30,GSW,University of Arizona,11,552,19351,11402,2168,2909,0.42100000000000004,0.35100000000000003,0.8029999999999999,35.1,20.7,3.9,5.3,51.3,0.127,2.9,24.1,Garry St. Jean,2476 days 00:00:00.000000000,60,4,1,0,0,0,0,0
1555,1556,Peja Stojakovic,1,3,1996,14,SAC,0,13,804,26966,13647,3782,1408,0.45,0.401,0.895,33.5,17.0,4.7,1.8,82.6,0.147,1.5,23.9,Geoff Petrie,6956 days 00:00:00.000000000,62,4,0,0,0,0,0,0
1579,1580,DeMarcus Cousins,2,2,2010,5,SAC,University of Kentucky,6,415,13105,8366,4473,1136,0.46,0.29,0.728,31.6,20.2,10.8,2.7,29.3,0.107,1.9,12.8,Geoff Petrie,6956 days 00:00:00.000000000,62,17,1,0,0,0,0,0
1596,1597,Chris Bosh,1,11,2003,4,TOR,Georgia Institute of Technology,13,893,31936,17189,7592,1795,0.494,0.335,0.799,35.8,19.2,8.5,2.0,106.0,0.159,1.4,27.5,Glen Grunwald,2324 days 00:00:00.000000000,63,7,1,0,0,0,0,0
1615,1616,Tim Duncan,15,15,1997,1,SAS,Wake Forest University,19,1392,47368,26496,15091,4225,0.506,0.179,0.696,34.0,19.0,10.8,3.0,206.4,0.209,5.5,89.3,Gregg Popovich,2953 days 00:00:00.000000000,65,3,1,0,0,0,0,0
1618,1619,Manu Ginobili,2,2,1999,57,SAS,0,14,923,24269,12950,3398,3655,0.45,0.369,0.8270000000000001,26.3,14.0,3.7,4.0,101.2,0.2,5.4,45.5,Gregg Popovich,2953 days 00:00:00.000000000,65,5,0,0,0,0,0,0
1622,1623,Tony Parker,4,6,2001,28,SAS,0,15,1080,34618,17884,3105,6349,0.494,0.327,0.753,32.1,16.6,2.9,5.9,105.9,0.147,1.1,27.5,Gregg Popovich,2953 days 00:00:00.000000000,65,7,0,0,0,0,0,0
1658,1659,Jim Paxson,1,2,1979,12,POR,University of Dayton,11,784,21357,11199,1593,2300,0.498,0.225,0.807,27.2,14.3,2.0,2.9,53.7,0.121,-0.3,9.0,Harry Glickman,4155 days 00:00:00.000000000,66,4,1,0,0,0,0,0
1712,1713,Brad Daugherty,1,5,1986,1,CLE,University of North Carolina,8,548,20029,10389,5227,2028,0.532,0.14300000000000002,0.747,36.5,19.0,9.5,3.7,65.2,0.156,2.6,23.1,Harry Weltman,1279 days 00:00:00.000000000,67,4,1,0,0,0,0,0
1742,1743,Tracy McGrady,7,7,1997,9,TOR,0,15,938,30658,18381,5276,4161,0.435,0.33799999999999997,0.746,32.7,19.6,5.6,4.4,97.3,0.152,4.6,50.6,Isiah Thomas,1419 days 00:00:00.000000000,69,3,0,0,0,0,0,0
1744,1745,David Lee,1,2,2005,30,NYK,University of Florida,11,750,22816,10656,6879,1701,0.5329999999999999,0.034,0.774,30.4,14.2,9.2,2.3,70.3,0.14800000000000002,1.5,20.3,Isiah Thomas,1563 days 00:00:00.000000000,69,5,1,0,0,0,0,0
1759,1760,Isiah Thomas,5,12,1981,2,DET,Indiana University,13,979,35516,18822,3478,9061,0.452,0.29,0.759,36.3,19.2,3.6,9.3,80.7,0.109,2.2,37.5,Jack McCloskey,4556 days 00:00:00.000000000,70,2,1,0,0,0,0,0
1797,1798,Joe Dumars,3,6,1985,18,DET,McNeese State University,14,1018,35139,16401,2203,4612,0.46,0.382,0.843,34.5,16.1,2.2,4.5,86.2,0.11800000000000001,0.2,19.3,Jack McCloskey,4556 days 00:00:00.000000000,70,6,1,0,0,0,0,0
1804,1805,Dennis Rodman,2,2,1986,27,DET,Southeastern Oklahoma State University,14,911,28839,6683,11954,1600,0.521,0.231,0.584,31.7,7.3,13.1,1.8,89.8,0.15,3.0,36.5,Jack McCloskey,4556 days 00:00:00.000000000,70,7,1,0,0,0,0,0
1895,1896,Walter Davis,2,6,1977,5,PHO,University of North Carolina,15,1033,28859,19521,3053,3878,0.511,0.272,0.851,27.9,18.9,3.0,3.8,76.9,0.128,0.6,19.0,Jerry Colangelo,9550 days 00:00:00.000000000,76,2,1,0,0,0,0,0
2073,2074,Elton Brand,1,2,1999,1,CHI,Duke University,17,1058,34910,16827,9040,2184,0.5,0.095,0.736,33.0,15.9,8.5,2.1,109.6,0.151,3.1,45.2,Jerry Krause,6586 days 00:00:00.000000000,77,16,1,0,0,0,0,0
2104,2105,James Worthy,2,7,1982,1,LAL,University of North Carolina,12,926,30001,16320,4708,2791,0.521,0.24100000000000002,0.769,32.4,17.6,5.1,3.0,81.2,0.13,1.8,28.5,Jerry West,6619 days 00:00:00.000000000,79,1,1,0,0,0,0,0
2149,2150,Eddie Jones,1,3,1994,10,LAL,Temple University,14,954,32778,14155,3857,2812,0.43700000000000006,0.373,0.809,34.4,14.8,4.0,2.9,100.6,0.147,3.5,45.1,Jerry West,6619 days 00:00:00.000000000,79,13,1,0,0,0,0,0
2167,2168,Kyle Lowry,1,2,2006,24,MEM,Villanova University,10,653,19814,8818,2622,3706,0.419,0.35600000000000004,0.7959999999999999,30.3,13.5,4.0,5.7,59.8,0.145,3.3,26.6,Jerry West,1875 days 00:00:00.000000000,79,24,1,0,0,0,0,0
2180,2181,Carlos Boozer,1,2,2002,34,CLE,Duke University,13,861,26901,13976,8192,1928,0.521,0.071,0.722,31.2,16.2,9.5,2.2,80.3,0.14300000000000002,1.2,22.1,Jim Paxson,2151 days 00:00:00.000000000,82,4,1,0,0,0,0,0
2182,2183,LeBron James,12,12,2003,1,CLE,0,13,987,38478,26833,7067,6815,0.498,0.34,0.7440000000000001,39.0,27.2,7.2,6.9,192.5,0.24,9.2,108.6,Jim Paxson,2151 days 00:00:00.000000000,82,5,0,0,0,0,0,0
2193,2194,Otis Birdsong,1,4,1977,2,SAC,University of Houston,12,696,21627,12544,2072,2260,0.506,0.27399999999999997,0.655,31.1,18.0,3.0,3.2,48.2,0.107,0.3,12.4,Joe Axelson,3738 days 00:00:00.000000000,83,2,1,0,0,0,0,0
2296,2297,Andre Drummond,1,1,2012,9,DET,University of Connecticut,4,304,9030,4015,3830,187,0.5529999999999999,0.25,0.38,29.7,13.2,12.6,0.6,29.4,0.156,0.6,6.0,Joe Dumars,5060 days 00:00:00.000000000,84,13,1,0,0,0,1,0
2402,2403,Juwan Howard,1,1,1994,5,WAS,University of Michigan,19,1208,36654,16159,7428,2663,0.469,0.12,0.764,30.3,13.4,6.1,2.2,59.4,0.078,-0.9,10.1,John Nash,2143 days 00:00:00.000000000,90,8,1,0,0,0,0,0
2420,2421,LaMarcus Aldridge,4,5,2006,2,CHI,University of Texas at Austin,10,722,25233,13893,6066,1371,0.48700000000000004,0.257,0.802,34.9,19.2,8.4,1.9,79.5,0.151,1.2,20.7,John Paxson,2229 days 00:00:00.000000000,91,3,1,0,0,0,0,0
2422,2423,Joakim Noah,1,2,2007,9,CHI,University of Florida,9,572,16848,5325,5387,1704,0.49,0.0,0.711,29.5,9.3,9.4,3.0,57.3,0.163,4.3,26.7,John Paxson,2229 days 00:00:00.000000000,91,4,1,0,0,0,0,0
2425,2426,Derrick Rose,1,3,2008,1,CHI,University of Memphis,7,406,14210,8001,1489,2516,0.44799999999999995,0.302,0.813,35.0,19.7,3.7,6.2,31.4,0.106,1.0,10.6,John Paxson,2229 days 00:00:00.000000000,91,5,1,0,0,0,0,0
2427,2428,Dwight Howard,8,8,2004,1,ORL,0,12,880,31092,15650,11149,1322,0.5820000000000001,0.09300000000000001,0.568,35.3,17.8,12.7,1.5,113.2,0.175,2.7,36.5,John Weisbrod,437 days 00:00:00.000000000,92,1,0,0,0,0,0,0
2442,2443,Kevin Garnett,9,15,1995,5,MIN,0,21,1462,50418,26071,14662,5445,0.49700000000000005,0.275,0.789,34.5,17.8,10.0,3.7,191.4,0.182,5.4,94.0,Kevin McHale,4960 days 00:00:00.000000000,95,1,0,0,0,0,0,0
2445,2446,Ray Allen,2,10,1996,5,MIN,University of Connecticut,18,1300,46344,24505,5272,4361,0.452,0.4,0.894,35.6,18.9,4.1,3.4,145.1,0.15,3.0,58.1,Kevin McHale,4960 days 00:00:00.000000000,95,2,1,0,0,0,0,0
2461,2462,Brandon Roy,2,3,2006,6,MIN,University of Washington,6,326,11561,6136,1388,1517,0.45899999999999996,0.348,0.8,35.5,18.8,4.3,4.7,37.4,0.155,3.2,15.2,Kevin McHale,4960 days 00:00:00.000000000,95,12,1,0,0,0,0,0
2462,2463,Bobby Jones,1,5,2006,37,MIN,University of Washington,2,91,867,288,149,44,0.442,0.306,0.685,9.5,3.2,1.6,0.5,1.1,0.06,-3.5,-0.3,Kevin McHale,4960 days 00:00:00.000000000,95,12,1,0,0,0,0,0
2481,2482,Deron Williams,2,3,2005,3,UTA,University of Illinois at Urbana-Champaign,11,781,27208,13103,2472,6459,0.445,0.35700000000000004,0.8220000000000001,34.8,16.8,3.2,8.3,74.9,0.132,1.5,23.9,Kevin O'Connor,4730 days 00:00:00.000000000,96,6,1,0,0,0,0,0
2517,2518,Carmelo Anthony,6,9,2003,3,DEN,Syracuse University,13,902,32796,22497,5993,2844,0.45299999999999996,0.344,0.812,36.4,24.9,6.6,3.2,92.3,0.135,1.5,28.6,Kiki Vandeweghe,1730 days 00:00:00.000000000,98,2,1,0,0,0,0,0
2540,2541,Paul George,3,3,2010,10,IND,"California State University, Fresno",6,373,12003,6315,2324,1168,0.425,0.364,0.838,32.2,16.9,6.2,3.1,37.4,0.15,4.0,18.1,Larry Bird,3274 days 00:00:00.000000000,100,6,1,0,0,0,0,0
2543,2544,Kawhi Leonard,1,1,2011,15,IND,San Diego State University,5,324,9680,4620,2039,643,0.499,0.391,0.828,29.9,14.3,6.3,2.0,41.8,0.207,5.9,19.2,Larry Bird,3274 days 00:00:00.000000000,100,7,1,0,0,0,0,1
2557,2558,Stephen Curry,3,3,2009,7,GSW,Davidson College,7,495,17259,11089,2149,3393,0.47700000000000004,0.444,0.902,34.9,22.4,4.3,6.9,71.6,0.19899999999999998,6.2,35.6,Larry Riley,1079 days 00:00:00.000000000,103,1,1,0,0,0,0,0
2559,2560,Klay Thompson,2,2,2011,11,GSW,Washington State University,5,386,12533,7112,1269,885,0.45,0.42,0.853,32.5,18.4,3.3,2.3,29.5,0.113,0.6,8.1,Larry Riley,1079 days 00:00:00.000000000,103,3,1,0,0,0,0,1
2638,2639,Glen Rice,2,3,1989,4,MIA,University of Michigan,15,1000,34985,18336,4387,2097,0.456,0.4,0.846,35.0,18.3,4.4,2.1,88.7,0.122,0.5,22.1,Lewis Schaffel,2966 days 00:00:00.000000000,106,8,1,0,0,0,0,0
2700,2701,Rajon Rondo,1,4,2006,21,PHO,University of Kentucky,10,645,21202,7068,3128,5614,0.46799999999999997,0.289,0.606,32.9,11.0,4.8,8.7,51.2,0.11599999999999999,1.9,20.9,Mike D'Antoni,453 days 00:00:00.000000000,114,1,1,0,0,0,0,0
2704,2705,Vin Baker,2,4,1993,8,MIL,University of Hartford,13,791,25737,11839,5867,1509,0.485,0.215,0.638,32.5,15.0,7.4,1.9,47.0,0.08800000000000001,-0.4,10.4,Mike Dunleavy,1810 days 00:00:00.000000000,115,2,1,0,0,0,0,0
2711,2712,Stephon Marbury,2,2,1996,4,MIL,Georgia Institute of Technology,13,846,31891,16297,2516,6471,0.433,0.325,0.784,37.7,19.3,3.0,7.6,77.5,0.11699999999999999,1.2,25.6,Mike Dunleavy,1810 days 00:00:00.000000000,115,5,1,0,0,0,0,0
2714,2715,Blake Griffin,4,5,2009,1,LAC,University of Oklahoma,6,410,14491,8801,3927,1654,0.521,0.271,0.6609999999999999,35.3,21.5,9.6,4.0,54.7,0.18100000000000002,4.1,22.2,Mike Dunleavy,518 days 00:00:00.000000000,115,6,1,0,0,0,0,0
2728,2729,Andrew Bynum,1,1,2005,10,LAL,0,8,418,10690,4822,3221,490,0.556,0.111,0.69,25.6,11.5,7.7,1.2,37.4,0.168,1.3,9.0,Mitch Kupchak,5898 days 00:00:00.000000000,117,4,0,0,0,0,0,0
2733,2734,Marc Gasol,2,2,2007,48,LAL,0,8,569,19190,8146,4431,1748,0.503,0.182,0.764,33.7,14.3,7.8,3.1,61.8,0.155,3.6,27.2,Mitch Kupchak,5898 days 00:00:00.000000000,117,6,0,0,0,0,0,0
2756,2757,Damian Lillard,2,2,2012,6,POR,Weber State University,4,321,11705,6856,1225,2007,0.426,0.37,0.87,36.5,21.4,3.8,6.3,35.2,0.14400000000000002,2.9,14.4,Neil Olshey,1579 days 00:00:00.000000000,118,3,1,0,0,0,1,0
2813,2814,Dale Ellis,1,1,1983,9,DAL,University of Tennessee,17,1209,34778,19004,4201,1746,0.479,0.40299999999999997,0.784,28.8,15.7,3.5,1.4,84.7,0.11699999999999999,0.3,20.5,Norm Sonju,5859 days 00:00:00.000000000,119,6,1,0,0,0,0,0
2837,2838,Detlef Schrempf,1,3,1985,8,DAL,University of Washington,16,1136,33597,15761,7023,3833,0.491,0.384,0.8029999999999999,29.6,13.9,6.2,3.4,109.5,0.156,2.1,35.0,Norm Sonju,5859 days 00:00:00.000000000,119,8,1,0,0,0,0,0
2847,2848,Mark Price,4,4,1986,25,DAL,Georgia Institute of Technology,12,722,21560,10989,1848,4863,0.47200000000000003,0.402,0.904,29.9,15.2,2.6,6.7,71.1,0.158,2.2,22.7,Norm Sonju,5859 days 00:00:00.000000000,119,9,1,0,0,0,0,0
2874,2875,Jamal Mashburn,1,1,1993,4,DAL,University of Kentucky,11,611,22762,11644,3271,2414,0.418,0.345,0.7659999999999999,37.3,19.1,5.4,4.0,43.7,0.092,0.2,12.9,Norm Sonju,5859 days 00:00:00.000000000,119,16,1,0,0,0,0,0
2877,2878,Jason Kidd,6,10,1994,2,DAL,University of California,19,1391,50111,17529,8725,12091,0.4,0.349,0.785,36.0,12.6,6.3,8.7,138.6,0.133,4.2,78.2,Norm Sonju,5859 days 00:00:00.000000000,119,17,1,0,0,0,0,0
2993,2994,Charles Barkley,11,11,1984,5,PHI,Auburn University,16,1073,39330,23757,12546,4215,0.541,0.266,0.735,36.7,22.1,11.7,3.9,177.2,0.21600000000000003,7.4,93.5,Pat Williams,4335 days 00:00:00.000000000,123,9,1,0,0,0,0,0
3026,3027,Shaquille O'Neal,14,15,1992,1,ORL,Louisiana State University,19,1207,41918,28596,13099,3026,0.5820000000000001,0.045,0.527,34.7,23.7,10.9,2.5,181.7,0.20800000000000002,5.0,74.0,Pat Williams,3406 days 00:00:00.000000000,123,15,1,0,0,0,0,0
3027,3028,Chris Webber,5,5,1993,1,ORL,University of Michigan,15,831,30847,17182,8124,3526,0.479,0.299,0.649,37.1,20.7,9.8,4.2,84.7,0.132,3.9,45.9,Pat Williams,3406 days 00:00:00.000000000,123,16,1,0,0,0,0,0
3082,3083,Pau Gasol,4,6,2001,3,ATL,0,15,1055,37202,19209,10048,3485,0.51,0.297,0.755,35.3,18.2,9.5,3.3,130.6,0.168,3.5,51.8,Pete Babcock,4795 days 00:00:00.000000000,125,14,0,0,0,0,0,0
3136,3137,Dwyane Wade,8,12,2003,5,MIA,Marquette University,13,855,30560,20221,4126,4944,0.488,0.284,0.767,35.7,23.7,4.8,5.8,113.8,0.179,5.3,56.4,Randy Pfund,4333 days 00:00:00.000000000,130,7,1,0,0,0,0,0
3197,3198,Ralph Sampson,1,4,1983,1,HOU,University of Virginia,9,456,13591,7039,4011,1038,0.486,0.172,0.6609999999999999,29.8,15.4,8.8,2.3,20.1,0.071,0.0,6.8,Ray Patterson,6417 days 00:00:00.000000000,131,8,1,0,0,0,0,0
3206,3207,Hakeem Olajuwon,12,12,1984,1,HOU,University of Houston,18,1238,44222,26946,13748,3058,0.512,0.20199999999999999,0.7120000000000001,35.7,21.8,11.1,2.5,162.8,0.177,4.9,77.1,Ray Patterson,6417 days 00:00:00.000000000,131,9,1,0,0,0,0,0
3247,3248,Larry Bird,10,12,1978,6,BOS,Indiana State University,13,897,34443,21791,8974,5695,0.496,0.376,0.8859999999999999,38.4,24.3,10.0,6.3,145.8,0.203,7.2,79.7,Red Auerbach,12493 days 00:00:00.000000000,132,3,1,0,0,0,0,0
3267,3268,Kevin McHale,1,7,1980,3,BOS,University of Minnesota,13,971,30118,17335,7122,1670,0.5539999999999999,0.261,0.7979999999999999,31.0,17.9,7.3,1.7,113.0,0.18,2.5,33.9,Red Auerbach,12493 days 00:00:00.000000000,132,5,1,0,0,0,0,0
3327,3328,Chauncey Billups,3,5,1997,3,BOS,University of Colorado,17,1043,33008,15802,2992,5636,0.415,0.387,0.894,31.6,15.2,2.9,5.4,120.8,0.17600000000000002,2.5,37.6,Rick Pitino,1343 days 00:00:00.000000000,134,1,1,0,0,0,0,0
3330,3331,Paul Pierce,4,10,1998,10,BOS,University of Kansas,18,1318,45603,26316,7479,4698,0.445,0.369,0.807,34.6,20.0,5.7,3.6,149.9,0.158,3.4,61.7,Rick Pitino,1343 days 00:00:00.000000000,134,2,1,0,0,0,0,0
3494,3495,Michael Jordan,11,14,1984,3,CHI,University of North Carolina,15,1072,41011,32292,6672,5633,0.49700000000000005,0.327,0.835,38.3,30.1,6.2,5.3,214.0,0.25,8.1,104.4,Rod Thorn,2510 days 00:00:00.000000000,140,7,1,0,0,0,0,0
3534,3535,Bernard King,4,4,1977,7,NJN,University of Tennessee,14,874,29417,19655,5060,2863,0.518,0.172,0.73,33.7,22.5,5.8,3.3,75.4,0.12300000000000001,1.7,27.5,Roy Boe,1034 days 00:00:00.000000000,142,1,1,0,0,0,0,0
3564,3565,Kevin Durant,6,7,2007,2,OKC,University of Texas at Austin,9,641,24208,17566,4518,2363,0.483,0.38,0.882,37.8,27.4,7.0,3.7,107.9,0.214,4.8,41.7,Sam Presti,3403 days 00:00:00.000000000,145,1,1,0,0,0,0,0
3567,3568,Russell Westbrook,5,5,2008,4,OKC,"University of California, Los Angeles",8,587,19984,12598,3285,4453,0.435,0.302,0.818,34.0,21.5,5.6,7.6,67.0,0.161,5.2,36.1,Sam Presti,3403 days 00:00:00.000000000,145,2,1,0,0,0,0,0
3573,3574,James Harden,3,4,2009,3,OKC,Arizona State University,7,534,17741,11262,2434,2620,0.44299999999999995,0.368,0.855,33.2,21.1,4.6,4.9,76.3,0.20600000000000002,5.3,32.6,Sam Presti,3403 days 00:00:00.000000000,145,3,1,0,0,0,0,0
3667,3668,Kevin Willis,1,1,1984,11,ATL,Michigan State University,21,1424,38362,17253,11901,1328,0.48700000000000004,0.21100000000000002,0.713,26.9,12.1,8.4,0.9,81.8,0.102,-1.8,2.0,Stan Kasten,3740 days 00:00:00.000000000,148,5,1,0,0,0,0,0
3724,3725,Sam Cassell,1,1,1993,24,HOU,Florida State University,15,993,29812,15635,3221,5939,0.45399999999999996,0.331,0.861,30.0,15.7,3.2,6.0,87.5,0.141,1.4,25.4,Steve Patterson,1449 days 00:00:00.000000000,150,4,1,0,0,0,0,0
3742,3743,Fat Lever,1,2,1982,11,POR,Arizona State University,11,752,23814,10433,4523,4696,0.447,0.31,0.7709999999999999,31.7,13.9,6.0,6.2,61.2,0.12300000000000001,3.6,33.7,Stu Inman,1690 days 00:00:00.000000000,151,2,1,0,0,0,0,0
3753,3754,Clyde Drexler,5,10,1983,14,POR,University of Houston,15,1086,37537,22195,6677,6125,0.47200000000000003,0.318,0.7879999999999999,34.6,20.4,6.1,5.6,135.6,0.17300000000000001,6.0,75.6,Stu Inman,1690 days 00:00:00.000000000,151,3,1,0,0,0,0,0
3796,3797,Tom Chambers,2,4,1981,8,LAC,University of Utah,16,1107,33922,20049,6703,2283,0.46799999999999997,0.307,0.807,30.6,18.1,6.1,2.1,79.0,0.11199999999999999,-0.5,13.2,Ted Podleski,628 days 00:00:00.000000000,153,1,1,0,0,0,0,0
3805,3806,Terry Cummings,2,2,1982,2,LAC,DePaul University,18,1183,33898,19460,8630,2190,0.484,0.295,0.706,28.7,16.4,7.3,1.9,91.1,0.129,0.9,24.9,Ted Podleski,628 days 00:00:00.000000000,153,2,1,0,0,0,0,0
3868,3869,Alex English,3,8,1976,23,MIL,University of South Carolina,15,1193,38063,25613,6538,4351,0.507,0.217,0.8320000000000001,31.9,21.5,5.5,3.6,100.7,0.127,1.7,35.6,Wayne Embry,1866 days 00:00:00.000000000,159,1,1,0,0,0,0,0
3880,3881,Kevin Johnson,5,3,1987,7,CLE,University of California,12,735,25061,13127,2404,6711,0.493,0.305,0.841,34.1,17.9,3.3,9.1,92.8,0.17800000000000002,2.4,28.0,Wayne Embry,4730 days 00:00:00.000000000,159,2,1,0,0,0,0,0
3914,3915,Derrick Coleman,2,1,1990,1,NJN,Syracuse University,15,781,25903,12884,7232,1985,0.447,0.295,0.769,33.2,16.5,9.3,2.5,64.3,0.11900000000000001,1.3,21.7,Willis Reed,2209 days 00:00:00.000000000,161,1,1,0,0,0,0,0
